{"cameraMode":{"drawMode":0,"name":"Shaded","section":"Shading Mode"},"sceneLighting":true,"audioPlay":false,"sceneViewState":{"m_AlwaysRefresh":false,"showFog":true,"showSkybox":true,"showFlares":true,"showImageEffects":true,"showParticleSystems":true,"showVisualEffectGraphs":true,"m_FxEnabled":true},"in2DMode":false,"pivot":{"x":-1.4894192218780518,"y":-0.9377422332763672,"z":-0.07248246669769287},"rotation":{"x":0.43910926580429079,"y":0.25624576210975649,"z":-0.13223117589950562,"w":0.8509179949760437},"size":2.7199079990386965,"orthographic":false}